"","name","is_closed","rating","review_count","location.address1","location.zip_code","coordinates.latitude","coordinates.longitude","price","phone"
"1","Pho Far East",FALSE,4,295,"4011 Capital Blvd","27604",35.8363980987574,-78.5833253204792,"$$","+19198768621"
"2","Pho Super 9",FALSE,4,93,"6401 Triangle Plantation Dr","27616",35.8739859799134,-78.5823287401577,"$$","+19198781599"
"3","Spring Cafe",FALSE,3.5,35,"2900 Spring Forest Rd","27616",35.85495,-78.59114,"$","+19199773679"
"4","Mo-Te Vietnamese Restaurant",FALSE,4,74,"3901-163 Capital Blvd","27604",35.8361864400349,-78.5862606071032,"$","+19198723561"
"5","Pho 79 & Crawfish",FALSE,3.5,42,"3310 Capital Blvd","27604",35.8247947874903,-78.5855561961022,"$$","+19198787898"
"6","Olive Garden Italian Restaurant",FALSE,3,60,"4805 Capital Blvd","27616",35.8508949279785,-78.5815582275391,"$$","+19199548557"
"7","Cafe Capistrano",FALSE,3.5,67,"8741 Garvey Dr","27616",35.8950386047363,-78.5684127807617,"$$","+19198721127"
"8","Saint Jacques",FALSE,4.5,154,"6112 Falls Of Neuse Rd","27609",35.866096,-78.618364,"$$$","+19198622770"
"9","Deja Brew  Coffee House",FALSE,3.5,53,"5001 Falls of Neuse Rd","27609",35.849150756182,-78.615103014443,"$","+19192394612"
"10","Sawasdee Thai Restaurant",FALSE,4,141,"3601 Capital Blvd","27604",35.82958,-78.58592,"$$","+19198780049"
"11","Starbucks",FALSE,5,5,"5959 Triangle Town Blvd","27616",35.8667908,-78.5738373,"$$","+19197922227"
"12","Sola Coffee Cafe",FALSE,4.5,223,"7705 Lead Mine Rd","27615",35.885281,-78.659985,"$","+19198038983"
"13","Coquette Brasserie",FALSE,4,320,"4351 The Circle at North HIlls","27609",35.8378724278881,-78.642446506607,"$$","+19197890606"
"14","Spring Rolls",FALSE,3,98,"4361 Lassiter At N Hills Ave","27609",35.8380637541134,-78.6437845230103,"$$","+19197838180"
"15","Thai House",FALSE,4,120,"1408 Hardimont Rd","27609",35.836212,-78.615112,"$$","+19198783379"
"16","Red Lobster",FALSE,3,53,"4408 Old Wake Forest Road","27609",35.84113,-78.61058,"$$","+19198725608"
"17","Seoul Garden Restaurant",FALSE,4,238,"4701 Atlantic Ave","27604",35.849052806532,-78.602974194118,"$$","+19198509984"
"18","Monapita Mediterranean Grill",FALSE,4.5,128,"5260 Capital Blvd","27616",35.8584037,-78.5805677,"$","+19194316500"
"19","The Melting Pot",FALSE,3.5,93,"3100 Wake Forest Rd","27609",35.82403,-78.6217999,"$$$","+19198780477"
"20","Lemongrass Thai Restaurant",FALSE,4,92,"8320 Litchford Rd","27615",35.89223,-78.59988,"$$","+19199540377"
"21","Taste Carolina Gourmet Food Tours",FALSE,4.5,86,NA,"27601",35.7744064331055,-78.6339492797852,"$$","+19192372254"
"22","The Blistered Pig Smokehouse",FALSE,3,131,"225 N Salem St","27502",35.7326316833496,-78.8508758544922,"$$","+19194463366"
"23","Salem Street Pub",FALSE,4,151,"113 N Salem St","27502",35.7312469482422,-78.8515167236328,"$$","+19193879992"
"24","Daniel's Restaurant & Catering",FALSE,4,203,"1430 Hwy 55","27523",35.7524767600721,-78.876610994339,"$$","+19193031006"
"25","Peak City Grill & Bar",FALSE,3.5,131,"126 N Salem St","27502",35.731585974544,-78.850696443917,"$$$","+19193038001"
"26","Tyler's Restaurant and Taproom",FALSE,3,146,"1479 Beaver Creek Commons Dr","27502",35.744804205625,-78.884400986014,"$$","+19193551380"
"27","Skipper's Fish Fry",FALSE,4,133,"1001 E Williams St","27502",35.7211112976074,-78.843505859375,"$$","+19193032400"
"28","The Pet Pantry",FALSE,5,25,"2521 Schieffelin Rd","27502",35.7233924865723,-78.8295059204102,NA,"+19193031990"
"29","Lucky 32 Southern Kitchen",FALSE,4,409,"7307 Tryon Rd","27511",35.7365208018483,-78.7852342071777,"$$","+19192331632"
"30","Tony's Oyster Bar",FALSE,3,105,"107 Edinburgh Dr","27511",35.7393810153008,-78.7982086837292,"$$","+19194626226"
"31","City Barbeque",FALSE,4,308,"1305 Kildaire Farm Rd","27511",35.7610092790252,-78.782536610241,"$$","+19194395191"
"32","Doherty's Irish Pub & Restaurant",FALSE,4,214,"1979 High House Rd","27519",35.7885668,-78.8480648,"$$","+19193889930"
"33","West Park Tavern",FALSE,3.5,106,"2734 Nc 55 Hwy","27519",35.7854222,-78.8709665,"$$","+19193039300"
"34","Abbey Road Tavern & Grill",FALSE,3.5,163,"1195 W Chatham St","27513",35.770710117212,-78.807025270605,"$$","+19194814434"
"35","Corbett's Burgers and Soda Bar",FALSE,4.5,195,"126 Kilmayne Dr","27511",35.7704475557315,-78.7833854556084,"$","+19194660055"
"36","Totopos",FALSE,4,277,"1388 Kildaire Farm Rd","27511",35.759174,-78.783798,"$$","+19196783449"
"37","Brew N Que",FALSE,4.5,196,"1222 NW Maynard Rd","27513",35.7846439066943,-78.8094571350688,"$$","+19197992023"
"38","Char Grill",FALSE,3.5,25,"3635 SW Cary Pkwy","27513",35.7816251027419,-78.8382900230878,"$","+19194617112"
"39","CinéBistro At Waverly Place",FALSE,4.5,114,"525 New Waverly Pl","27518",35.738913247148,-78.7767246455078,"$$","+19199873500"
"40","The Corner Tavern and Grill",FALSE,3.5,77,"1301 NW Maynard Rd","27513",35.7852854,-78.8101574,"$$","+19194600088"
"41","Taco Bell",FALSE,3,8,"2207 S. Main Street","27587",35.946919,-78.536299,"$","+19195544924"
"42","Gonza Tacos Y Tequila",FALSE,4,98,"1851-1889 S Main St","27587",35.9525325,-78.5275968,"$$","+19192052500"
"43","Tlaquepaque Mexican Cuisine",FALSE,4,84,"11206 Capital Blvd","27587",35.951672,-78.538906,"$$","+19195542544"
"44","Chubby's Tacos",FALSE,3.5,82,"River Town Center","27614",35.9079596,-78.5886189,"$","+19198467044"
"45","Las Margaritas Mexican Restaurant",FALSE,4,59,"111 S White St","27587",35.978885,-78.509246,"$$","+19195568319"
"46","Moe's Southwest Grill",FALSE,3,20,"10760-101 Wakefield Commons Dr","27614",35.942630224462,-78.5411123722927,"$","+19195703222"
"47","Don Julio Mexican Restaurant",FALSE,4,24,"12516 Capital Blvd","27587",35.985935,-78.532707,"$$","+19842351537"
"48","Los Tres Magueyes",FALSE,3,26,"12400 Wake Union Church Rd","27587",35.9831466674805,-78.5389709472656,"$","+19195542554"
"49","Bangkok Thai",FALSE,4,92,"13200 Falls of Neuse Rd","27614",35.9406604251596,-78.5597248043686,"$$","+19195541561"
"50","Mellow Mushroom",FALSE,3.5,59,"2125 S Main St","27587",35.94743,-78.5355,"$$","+19195568884"
"51","Tropical Picken Chicken",FALSE,4,176,"2010 S Main St","27587",35.94976,-78.53137,"$","+19194356812"
"52","Buffalo Brothers",FALSE,3,59,"11735 Retail Dr","27587",35.9677061769395,-78.5434391480247,"$$","+19195706004"
"53","Shuckers Oyster Bar & Grill",FALSE,4,162,"3309 Rogers Rd","27587",35.95073,-78.51539,"$$","+19194531593"
"54","Smithfield's Chicken N Bar-B-Q",FALSE,3.5,17,"12504 Capital Blvd","27587",35.986667,-78.533821,"$","+19194888388"
"55","Chili's",FALSE,2.5,18,"11380 Capital Blvd","27587",35.954856,-78.539833,"$$","+19195540488"
"56","On The Border Mexican Grill & Cantina",FALSE,3,49,"3351 Cypress Plantation Trl","27616",35.871212094365,-78.582443948576,"$$","+19198903100"
"57","Taza Grill",FALSE,4.5,36,"10940 Raven Ridge Rd","27614",35.907678999512,-78.5901638679913,"$","+19198457772"
"58","East Coast Wings & Grill",FALSE,3,32,"12646 Capital Blvd","27587",35.9894054,-78.5311414,"$$","+19843773294"
"59","San Jose Mexican Restaurant",FALSE,3.5,114,"5811 Poyner Village Pkwy","27616",35.8638194203377,-78.5702316462994,"$$","+19197901919"
"60","Gatehouse Tavern",FALSE,3,70,"960 Gateway Commons Cir","27587",35.9686356,-78.4934311,"$$","+19195696745"
"61","The Remedy Diner",FALSE,4,349,"137 E Hargett St","27601",35.7783224,-78.6370674,"$$","+19198353553"
"62","The Fiction Kitchen",FALSE,4.5,337,"428 S Dawson St","27601",35.7745972,-78.6438293,"$$","+19198314177"
"63","Sosta Café",FALSE,4.5,121,"130 E Davie St","27601",35.775453363187,-78.637626025473,"$","+19198331006"
"64","Raleigh Times Bar",FALSE,4,482,"14 E Hargett St","27601",35.7781388809935,-78.6386299171509,"$$","+19198330999"
"65","Beasley's Chicken & Honey",FALSE,4,933,"237 S Wilmington St","27601",35.7770159317825,-78.6381587254906,"$$","+19193220127"
"66","Big Ed's City Market Restaurant",FALSE,4,293,"220 Wolfe St","27601",35.776046,-78.635986,"$","+19198369909"
"67","Jose and Sons",FALSE,4,312,"327 W Davie St","27601",35.7751687442644,-78.6447423100471,"$$","+19197550556"
"68","Centro",FALSE,4,247,"106 S Wilmington St","27601",35.77926,-78.63844,"$$","+19198353593"
"69","Chuck's",FALSE,4,478,"237 S Wilmington St","27601",35.7771027517741,-78.6381538805309,"$$","+19193220126"
"70","Gravy",FALSE,4,303,"135 S Wilmington St","27601",35.7785415649414,-78.6379852294922,"$$","+19198968513"
"71","Humble Pie",FALSE,4,220,"317 S Harrington St","27603",35.776317,-78.644975,"$$","+19198299222"
"72","The Pit",FALSE,4,1798,"328 W Davie St","27601",35.77605,-78.64472,"$$","+19198904500"
"73","Caffe Luna",FALSE,3.5,164,"136 E Hargett St","27601",35.778016,-78.63677,"$$","+19198326090"
"74","Irregardless Cafe & Catering",FALSE,4,297,"901 W Morgan St","27603",35.78118,-78.65603,"$$","+19198338898"
"75","Five Star Restaurant",FALSE,3.5,155,"511 W Hargett St","27603",35.7784598579799,-78.6466055013238,"$$","+19198333311"
"76","State Farmers Market Restaurant",FALSE,3.5,181,"1240 Farmers Market Dr","27603",35.7626143097878,-78.6637535691261,"$","+19197551550"
"77","David's Dumpling & Noodle Bar",FALSE,4,375,"1900 Hillsborough St","27607",35.785851541761,-78.6614256310374,"$$","+19192394536"
"78","Busy Bee Cafe",FALSE,3.5,312,"225-100 S Wilmington St","27601",35.7774183283204,-78.6380124092102,"$$","+19194247817"
"79","P.G. Werth's",FALSE,4,80,"927 W Morgan St","27603",35.7821464538574,-78.6559143066406,"$$","+19842320415"
"80","Jimmy V's Osteria & Bar",FALSE,3.5,150,"420 Fayetteville St","27601",35.774778008093,-78.6395429086135,"$$","+19192561451"
"81","McLean's Ole Time Cafe",FALSE,4,37,"418 W Gannon Ave","27597",35.8223533630371,-78.3232650756836,"$$","+19192690125"
"82","Waffle House",FALSE,3.5,5,"102 Pearces Rd","27597",35.8392219543457,-78.3238754272461,"$","+19194044600"
"83","Whitley Furniture Galleries",FALSE,3.5,11,"101 W Vance St","27597",35.8208847045898,-78.3127822875977,"$$$$","+19192697447"
"84","Fargo Steakhouse",FALSE,2.5,10,"Food Lion Shopping Ctr","27597",35.8243208,-78.3147199,"$$","+19192693450"
"85","Pizza Hut",FALSE,2.5,8,"151 Wakelon St","27597",35.833469,-78.315727,"$$","+19192696455"
"86","Aubreys and Peedies Grill",FALSE,4.5,10,"38 N Main St","27591",35.7823559,-78.3696337,"$","+19193655528"
"87","Bittersweet",FALSE,4,150,"16 E Martin St","27601",35.7768987957,-78.6386073514511,"$$","+19199773829"
"88","Brixx Wood Fired Pizza",FALSE,3.5,29,"402 Oberlin Rd","27605",35.78977,-78.66237,"$$","+19197239370"
"89","Starbucks",FALSE,4,36,"609 W Peace St","27605",35.78836,-78.647956,"$$","+19197549007"
"90","Baskin Robbins",FALSE,3.5,8,"2018 Cameron St","27605",35.7910333,-78.6609388,"$","+19198281493"
"91","Starbucks",FALSE,2,24,"500 Fayetteville St Mall","27601",35.77359,-78.63997,"$$","+19193349894"
"92","Wicked Taco Raleigh",FALSE,3,127,"3928 Western Blvd","27606",35.785758,-78.692535,"$","+19193220446"
"93","Tasca Brava",FALSE,3.5,141,"607 Glenwood Ave","27603",35.7877998352051,-78.6475677490234,"$$$","+19198280840"
"94","ORO Restaurant & Lounge",FALSE,4,182,"18 E Martin St","27601",35.7768818306493,-78.6384739986725,"$$","+19192394010"
"95","J Betski's",FALSE,4.5,248,"10 W Franklin St","27604",35.7892985371783,-78.640372898815,"$$","+19198337999"
"96","Dunkin Donuts & Baskin Robbins",FALSE,2.5,4,"2316 Hillsborough St","27607",35.7877007,-78.6666489,NA,"+19198385277"
"97","Bloomsbury Bistro",FALSE,4.5,50,"509 W Whitaker Mill Rd","27608",35.8039894,-78.6447372,"$$$","+19198349011"
"98","Starbucks",FALSE,3.5,21,"3800 Lake Boone Trl","27607",35.8161735534668,-78.6937866210938,"$$","+19197816211"
"99","Starbucks",FALSE,4.5,25,"4421 Six Forks Rd","27609",35.840175,-78.643501,"$","+19195710713"
"100","Baskin Robbins",FALSE,5,1,"2727 Capital Blvd","27604",35.8168487548828,-78.6017990112305,"$","+19198759092"
"101","Starbucks",FALSE,3,21,"3023 Capital Blvd","27604",35.82154,-78.591781,"$","+19198758760"
"102","Trophy Brewing Company",FALSE,4,313,"827 W Morgan St","27603",35.7798441499472,-78.653557151556,"$$","+19198034849"
"103","Starbucks",FALSE,3.5,6,"4160 Main At N Hillsst","27609",35.8371849060059,-78.6432266235352,"$$","+19194200514"
"104","Starbucks",FALSE,3.5,22,"4421 New Bern Ave","27610",35.7989196777344,-78.5607528686523,"$$","+19192313271"
"105","Chick-fil-A",FALSE,3.5,20,"8901 Brier Creek Pkwy","27617",35.90103,-78.790525,"$","+19192930100"
"106","Chick-fil-A",FALSE,4,28,"1803 N Harrison Ave","27513",35.829251,-78.769784,"$","+19196781444"
"107","Chick-fil-A",FALSE,4,28,"6612 Glenwood Ave","27612",35.861142,-78.708701,"$","+19195718480"
"108","Bojangles",FALSE,3.5,19,"1000 Claren Cir","27560",35.8557281,-78.8237305,"$","+19194607171"
"109","Tasu",FALSE,3.5,301,"8919 Brier Creek Pkwy","27617",35.9008703252451,-78.7911987304688,"$$","+19195448474"
"110","Greek Fiesta at Brier Creek",FALSE,3.5,70,"8521 Brier Creek Pkwy","27617",35.905436,-78.7845693,"$","+19195443388"
"111","McDonald's",FALSE,2,21,"1805 N Harrison Ave","27513",35.8297920227051,-78.769157409668,"$","+19196771424"
"112","Chick-fil-A",FALSE,3,12,"7107 Okelly Chapel Rd","27519",35.84533859,-78.88731222,"$","+19194669525"
"113","Backyard Burger",FALSE,3.5,43,"9860 Leesville Rd","27613",35.9082108,-78.7282181,"$","+19198477098"
"114","Hardee's",FALSE,2,8,"4607 S Alston Ave","27713",35.900279,-78.88845,"$","+19195445362"
"115","Herons",FALSE,4,119,"The Umstead Hotel And Spa","27513",35.8298527953176,-78.7644302845001,"$$$$","+19194474200"
"116","Raleigh-Durham International Airport - RDU",FALSE,4,496,"2400 John Brantley Blvd","27560",35.8770194291507,-78.7893104553223,NA,"+19198407700"
"117","World Of Beer",FALSE,3,40,"2036 Renaissance Park Pl","27513",35.8268533,-78.7716853,"$$","+19192340088"
"118","Tossed",FALSE,3,64,"4117 Davis Dr","27560",35.8358979989676,-78.8583895147201,"$$","+19194604449"
"119","Steak 'N Shake",FALSE,2,35,"5900 Duraleigh Rd","27612",35.8580946751251,-78.7124166292744,"$","+19198097524"
"120","Pump It Up",FALSE,4,8,"10700 World Trade Blvd","27617",35.8984031677246,-78.8144302368164,NA,"+19198283344"
"121","PNC Bank",FALSE,5,1,"10321 Lumley Rd","27617",35.899181,-78.789642,NA,"+19194844760"
"122","Noodles & Company",FALSE,3,10,"7199 O'Kelly Chapel Rd","27519",35.8479827819505,-78.8891589433777,"$",NA
"123","Walmart Supercenter",FALSE,2,25,"10050 Glenwood Ave","27617",35.9125214071899,-78.7780647328804,"$","+19195965790"
"124","Hoops City U",FALSE,1.5,3,"4300 Emperor Blvd","27703",35.873238,-78.844725,NA,"+19194742400"
"125","Goji Bistro",FALSE,4.5,80,"100 Maynard Crossing Ct","27513",35.786727,-78.8106,"$$","+19194668888"
"126","Banana Leaf",FALSE,4,153,"1026 Ryan Rd","27511",35.7766290112274,-78.7677232931152,"$$","+19194689958"
"127","Sushi Thai Cary",FALSE,4,215,"106 Kilmayne Dr","27511",35.77049,-78.78304,"$$","+19194675747"
"128","C&T Wok",FALSE,4,367,"130 Morrisville Sq Way","27560",35.8199044,-78.8290908,"$$","+19194678860"
"129","Golden China",FALSE,4,11,"2432 SW Cary Pkwy","27513",35.763159,-78.822239,"$","+19193807895"
"130","Super Wok",FALSE,3.5,123,"Chatham Square","27511",35.78998,-78.76427,"$$","+19193888338"
"131","East Garden",FALSE,3.5,27,"1104 Ledsome Lane","27511",35.7632857,-78.7478499,"$$","+19193225558"
"132","Panda Express",FALSE,3,17,"1000 Beaver Creek Commons Dr","27502",35.7451972961426,-78.873176574707,"$","+19193626369"
"133","Asian Garden",FALSE,4,35,"242 Grande Heights Dr","27513",35.8044728636742,-78.7802928686142,"$","+19194628598"
"134","Taste Vietnamese Cuisine",FALSE,4,256,"152 Morrisville Sq Way","27560",35.8194487078488,-78.8290286064148,"$","+19192346385"
"135","YoHo Asian Bistro",FALSE,3,111,"8204 Tryon Woods Dr","27518",35.746691983088,-78.741323469755,"$$","+19198598081"
"136","Lucky Chicken Peruvian Cuisine",FALSE,3,25,"1851 N Harrison Ave","27513",35.8310882619296,-78.7698546422918,"$$","+19196783153"
"137","Granite Falls Swim & Athletic Club",FALSE,3.5,11,"800 Granite Falls Blvd","27571",35.92725,-78.46475,NA,"+19195628895"
"138","Iveys Towing",FALSE,3.5,5,"3737 Conquest Dr","27529",35.7287635803223,-78.5711441040039,NA,"+19196620249"
"139","Sammy's Tap & Grill",FALSE,2.5,85,"2235 Avent Ferry Rd","27606",35.77748,-78.67799,"$$","+19197553880"
"140","Massage Envy - Crabtree Valley",FALSE,4,20,"3201 Edwards Mill Road","27612",35.8259053,-78.7073374,"$$","+19197871114"
"141","Men's Club",FALSE,2.5,17,"3210 Yonkers Rd","27604",35.79782,-78.58928,"$$","+19192509826"
"142","Chai's Asian Bistro",FALSE,3.5,65,"8347 Creedmoor Rd","27613",35.901068598032,-78.6811470240355,"$$","+19193413715"
"143","Kroger",FALSE,3,12,"6300 Creedmoor Rd","27612",35.8718605,-78.6783371,"$$","+19198706028"
"144","Harris Teeter",FALSE,4,14,"Stonehenge Market","27612",35.88798,-78.67836,"$$","+19198481464"
"145","Kroger",FALSE,4,2,"8345 Creedmoor Rd","27613",35.90105,-78.68223,"$$","+19198482232"
"146","Kroger",FALSE,3.5,7,"7905 Falls of Neuse Rd","27615",35.8930435180664,-78.6269989013672,"$$","+19198475012"
"147","Lowes Foods",FALSE,3.5,11,"9600 Strickland Rd","27615",35.902774,-78.655685,"$$","+19198475661"
"148","Whole Foods Market North Raleigh",FALSE,4,76,"8710 Six Forks Rd","27615",35.8988914489746,-78.6502380371094,"$$","+19193540350"
"149","FastMed Urgent Care",FALSE,2,26,"6500 Creedmoor Road","27613",35.87439,-78.678879,NA,"+19198254000"
"150","Kroger Pharmacy",FALSE,5,1,"8345 Creedmoor Rd","27613",35.90105,-78.68223,"$$","+19198484191"
"151","Despina's Cafe",FALSE,4.5,63,"8369 Creedmoor Rd","27613",35.9015464,-78.6813026,"$","+19198485007"
"152","Hibernian Restaurant & Pub",FALSE,3,78,"8021 Falls of Neuse Rd","27615",35.894044,-78.624527,"$$","+19198030290"
"153","Chopstix Gourmet and Sushi Bar",FALSE,3.5,112,"5607 Creedmoor Rd","27612",35.8579279426118,-78.6820150539279,"$$","+19197816268"
"154","Kroger",FALSE,3.5,22,"350 E Six Forks Rd","27609",35.81975,-78.62802,"$$","+19198322110"
"155","Citizen Pops",FALSE,4,67,"","27612",35.853279,-78.687299,"$","+19198484221"
"156","Food Lion",FALSE,4,4,"7713 Lead Mine Rd","27615",35.886173,-78.660438,"$$","+19195181607"
"157","Crazy Fire Mongolian Grill",FALSE,3,31,"13200 Strickland Rd","27613",35.9087829589844,-78.7259368896484,"$$","+19198661300"
"158","Harris Teeter",FALSE,4,20,"9600 Falls of Neuse Rd","27615",35.904869273675,-78.6010535832588,"$$","+19196766614"
"159","MassageLuXe",FALSE,4,24,"7436 Creedmoor Rd","27613",35.8883434,-78.6794774,"$$","+19192495244"
"160","The Butcher's Market",FALSE,4.5,60,"5045 Falls of Neuse Rd","27609",35.849784,-78.615577,"$$","+19198098914"
"161","Food Lion",FALSE,3.5,10,"4827 Grove Barton Rd","27613",35.870715379715,-78.7165005505085,"$$","+19197814437"
"162","Moe's Southwest Grill",FALSE,2.5,12,"1410 East Broad St","27526",35.5942726135254,-78.7752456665039,"$","+19195575507"
"163","Taco Bell",FALSE,3.5,3,"1384 North Main Street","27526",35.591688,-78.786661,"$$","+19195575283"
"164","Fiesta Mexicana",FALSE,3.5,70,"428 Village Walk Dr","27540",35.6399119645357,-78.8375278562307,"$$","+19193461330"
"165","Aviator Smokehouse",FALSE,3.5,222,"525 E Broad St","27526",35.593076,-78.793817,"$$","+19195577675"
"166","Los Tres Magueyes",FALSE,3,34,"120 Bass Lake Rd","27540",35.6542702,-78.8240356,"$","+19195526272"
"167","Tyler's Tavern",FALSE,4,30,"2221 N Grassland Dr","27526",35.6159768,-78.8098677,"$$","+19197620940"
"168","Taco Bell",FALSE,1,1,"7112 G. B. Alford Highway","27540",35.64263,-78.83904,"$","+19195573801"
"169","My Way Tavern",FALSE,4,118,"301 W Center St","27450",35.65097,-78.83424,"$$","+19192852412"
"170","KFC",FALSE,2.5,4,"7112 G. B. Alford Highway","27540",35.6359,-78.8309,NA,"+19195573801"
"171","Olive Garden Italian Restaurant",FALSE,3,53,"107 Grand Hill Place","27540",35.658569,-78.84946,"$$","+19195522237"
"172","Chili's",FALSE,2.5,24,"111 Grand Hill Pl","27540",35.6605468690395,-78.849685639143,"$$","+19195577841"
"173","Whole Foods Market- Raleigh",FALSE,4,98,"3540 Wade Ave","27607",35.802574044284,-78.686298644258,"$$$","+19198285805"
"174","State Farmers Market",FALSE,4.5,182,"1201 Agriculture St","27603",35.7640968,-78.6646553,"$","+19197337417"
"175","Chubby's Tacos",FALSE,4,300,"2444 Wycliff Rd","27607",35.8171918,-78.6938651,"$","+19197814480"
"176","Food Lion",FALSE,3,3,"3926 Western Blvd","27607",35.7844542,-78.6926174,"$","+19196648059"
"177","Grand Asia Market",FALSE,4,190,"1253 Buck Jones Rd","27606",35.76562933156,-78.740267654731,"$","+19194682988"
"178","Cook Out",FALSE,4,84,"3930 Western Blvd","27606",35.7848243713379,-78.6930541992188,"$",NA
"179","Tuscan Blu",FALSE,3.5,103,"327 W Davie St","27601",35.775168,-78.6447558,"$$","+19198345707"
"180","Cameron Bar and Grill",FALSE,3.5,129,"2018 Clark Ave","27605",35.7895486553556,-78.6600726289055,"$$","+19197552231"
"181","Cloos' Coney Island",FALSE,4,106,"2233 Avent Ferry Rd","27606",35.77751,-78.67797,"$","+19198343354"
"182","Raleigh Raw",FALSE,4.5,51,"7 W Hargett St","27601",35.778189919668,-78.6395575443772,"$$","+19194000944"
"183","Food Lion",FALSE,2.5,3,"3415 Avent Ferry Rd","27606",35.7662658691406,-78.6972045898438,"$","+19198589772"
"184","Kader's French Bakery",FALSE,4.5,33,"Cary Towne Center Mall","27511",35.7705717533827,-78.7620732933283,"$","+19196593343"
"185","Around the World Market",FALSE,4,26,"6715 Hillsborough St","27606",35.7882118,-78.7439194,"$","+19198595403"
"186","Food Lion",FALSE,2.5,3,"2420 Wycliff Rd","27607",35.81676,-78.69299,"$","+19195713638"
"187","The Fresh Market",FALSE,3,38,"400 Woodburn Rd","27605",35.78992,-78.65855,"$$","+19198287888"
"188","Hot Point",FALSE,4,102,"1718 Walnut St","27511",35.763002,-78.747188,"$","+19194606299"
"189","Café de los Muertos",FALSE,4,136,"300 West Hargett St","27601",35.7785237595683,-78.6443085595965,"$","+19196997480"
"190","Boylan Bridge Brewpub",FALSE,2.5,229,"201 S Boylan Ave","27603",35.77858,-78.64904,"$$","+19198038927"
"191","Food Lion",FALSE,3.5,8,"2458 SW Cary Pkwy","27513",35.7638016,-78.8224411,"$","+19194811822"
"192","Trader Joe's",FALSE,4.5,114,"1393 Kildaire Farm Rd","27511",35.7588387818937,-78.7814785801787,"$$","+19194655984"
"193","Mamma Mia Italian Bistro",FALSE,4.5,119,"708 Laura Duncan Rd","27502",35.735401166812,-78.841689778329,"$$","+19193632228"
"194","Publix",FALSE,4,57,"1020 Bradford Plaza Way","27519",35.79314,-78.84507,"$$","+19194602082"
"195","Kroger",FALSE,3.5,19,"940 Us 64 Hwy W","27523",35.745617,-78.822021,"$$","+19193801422"
"196","Kroger",FALSE,4,11,"1273 NW Maynard Rd","27513",35.785351,-78.811905,"$$",NA
"197","Food Lion",FALSE,3.5,3,"980 Kildaire Farm Rd","27511",35.7721748352051,-78.7831268310547,"$","+19194674168"
"198","Fattoush Mediterranean Grill",FALSE,4,45,"781 Center St","27502",35.7295567,-78.8405004,"$","+19198892990"
"199","Travinia Italian Kitchen & Wine Bar",FALSE,3,156,"1301 Market Center Dr","27560",35.8067462175115,-78.8167119026184,"$$","+19194671718"
"200","Los Tres Magueyes",FALSE,3.5,106,"9605 Chapel Hill Rd","27560",35.8064079284668,-78.8115921020508,"$$","+19194819002"
"201","Food Lion",FALSE,3.5,9,"3609 Davis Dr","27560",35.8221778869629,-78.8491821289062,"$$",NA
"202","Gigi's Cupcakes of Brier Creek",FALSE,3.5,77,"8521 Brier Creek Parkway","27617",35.9055578,-78.7858534,"$$","+19192064002"
"203","Whole Foods Market Cary",FALSE,4,75,"102B New Waverly Pl","27518",35.73745,-78.777314,"$$","+19198168830"
"204","Woodys Sports Tavern & Grill",FALSE,3.5,79,"8322 Chapel Hill Rd","27513",35.79224,-78.7761699,"$$","+19193807737"
"205","Georgina's Pizzeria & Restaurant",FALSE,3.5,89,"3536 Davis Dr","27560",35.8176165813464,-78.8454163164494,"$$","+19193883820"
"206","Nothing Bundt Cakes",FALSE,5,79,"2008 Market Center Dr","27560",35.8074227,-78.8155188,"$","+19196945300"
"207","Harris Teeter",FALSE,3.5,21,"270 Grande Heights Dr","27513",35.805044,-78.780884,"$$","+19194604326"
"208","Amante Gourmet Pizza",FALSE,3.5,47,"9545 Chapel Hill Rd","27560",35.804153238969,-78.8107360721895,"$$","+19193803382"
"209","Walmart Supercenter",FALSE,2.5,16,"4500 Fayetteville Rd","27603",35.7189407,-78.6585693,"$","+19197728751"
"210","MoJo's Grill",FALSE,4,33,"2648 Timber Dr","27529",35.7160187,-78.6395035,"$","+19196621115"
"211","Popeyes Louisiana Kitchen",FALSE,3.5,7,"1701 Pinewinds Dr","27603",35.7164290780816,-78.6549995094538,"$","+19193290069"
"212","Kroger",FALSE,3,23,"2680 Timber Dr","27529",35.7164158,-78.6393358,"$$","+19196618400"
"213","The Michelle Roberts Real Estate Team",FALSE,5,1,"201 Shannon Oaks Cir","27511",35.7594843,-78.784688,NA,"+19194140805"
"214","Sullivan's Steakhouse",FALSE,4,213,"414 Glenwood Ave","27603",35.7858059566666,-78.64708905159,"$$$","+19198332888"
"215","Sushi Blues Cafe",FALSE,3,284,"301 Glenwood Ave","27603",35.7845062307937,-78.6475706726734,"$$","+19196648061"
"216","Jumbo China Buffet",FALSE,2,13,"4424 Fayetteville Rd","27603",35.719696,-78.656876,"$","+19197798858"
"217","Target",FALSE,4,16,"2700 Timber Dr","27529",35.71546,-78.63843,"$$","+19197729065"
"218","iFixandRepair",FALSE,2,7,"4325 Glenwood Ave.","27612",35.8381257,-78.6764438,"$","+19194363349"
"219","Solas",FALSE,3.5,123,"419 Glenwood Ave","27603",35.78568,-78.64775,"$$$","+19197550755"
"220","Triangle Glides",FALSE,4.5,58,"323 Blake St","27601",35.776172,-78.635688,NA,"+19198281988"
"221","Red Roof Inns",FALSE,3.5,24,"1813 S Saunders St","27603",35.7548637390137,-78.6481475830078,"$","+19198336005"
"222","East Coast Towing",FALSE,4,17,"100 Rupert Rd","27603",35.71648,-78.66481,NA,"+19198350705"
"223","Chili's",FALSE,2.5,34,"115 Carillon Dr","27529",35.6933364868164,-78.5832214355469,"$$","+19197711700"
"224","Personal Defense & Handgun Safety Center",FALSE,4.5,7,"301 Tryon Rd","27603",35.7312679191184,-78.6470977020927,"$","+19197796880"
"225","Harris Teeter",FALSE,3,21,"1151 Tryon Village Dr","27518",35.7466516,-78.7442867,"$$","+19192333476"
"226","Walmart",FALSE,2,12,"4431 New Bern Ave","27610",35.8004417,-78.5600204,"$","+19192126442"
"227","San Marco's Pizza",FALSE,3,1,"178 Wakelon St","27597",35.8316321671954,-78.3159755858286,"$",NA
"228","Howes Your Pizza",FALSE,2.5,7,"23 Nc 98 Hwy E","27508",35.9535789,-78.2443466,"$","+19194969820"
"229","Grand Street Pizza",FALSE,4.5,39,"909 McKnight Dr","27545",35.7965213289485,-78.4925832981618,"$","+19192173410"
"230","Slice of Ny Pizza",FALSE,3,28,"1016 Shoppes At Midway Dr","27545",35.7984313964844,-78.5072784423828,"$","+19192619478"
"231","Marco's Pizza",FALSE,3.5,22,"3625 Rogers Rd","27587",35.9452109262325,-78.5033229365945,"$","+19195706006"
"232","Milton's Pizza-Wakefield",FALSE,4,65,"14520 New Falls Of Neuse","27614",35.9440346514932,-78.5421700201607,"$$","+19195709099"
"233","Rosati's Pizza Pub",FALSE,3.5,40,"2101 S Main St","27587",35.9480209350586,-78.5331039428711,"$$","+19194884294"
"234","Pizza Hut",FALSE,2,9,"4011 Capital Blvd","27604",35.835392,-78.5825653,"$","+19197908111"
"235","Hungry Howie's Pizza",FALSE,4.5,21,"1814 Oberlin Rd","27608",35.808586,-78.655036,"$","+19197890001"
"236","Piola",FALSE,3.5,111,"141 Park at North Hills St","27609",35.8368634763026,-78.6378246545792,"$$","+19197588059"
"237","Sergio's Pizza",FALSE,4,56,"13200 New Falls Of Neuse","27614",35.94085,-78.55983,"$","+19195541000"
"238","Lilly's Pizza",FALSE,4,501,"1813 Glenwood Ave","27608",35.8051332553729,-78.6466635456331,"$$","+19198330226"
"239","Pizza Hut",FALSE,2,10,"10175 Hwy. 70 W.","27520",35.6405249,-78.4492288,"$$","+19195532131"
"240","Pizza Hut",FALSE,2,12,"12239 Capital Blvd","27587",35.9800547974563,-78.5406627802343,"$","+19195569190"
"241","Papa Murphy's",FALSE,4.5,12,"11721 Retail Dr","27587",35.9673691,-78.5441589,"$$","+19195549977"
"242","MOD Pizza",FALSE,4,87,"2071 West Millbrook Rd","27612",35.8573861420155,-78.678460791707,"$","+19199873668"
"243","Marco's Pizza",FALSE,4,17,"1141 Falls River Ave","27614",35.9071808,-78.588768,"$","+19198477775"
"244","The Cowfish Sushi Burger Bar",FALSE,4.5,776,"4208 Six Forks Rd","27609",35.837258785475,-78.6401524459807,"$$","+19197840400"
"245","Smashburger",FALSE,3.5,85,"6679 Falls of Neuse Rd","27615",35.8747621625662,-78.6230396479368,"$","+19198709230"
"246","Five Guys Burgers and Fries",FALSE,4,43,"8107 Creedmoor Rd","27613",35.8978882,-78.6811829,"$","+19198447057"
"247","Five Guys Famous Burgers",FALSE,3.5,38,"North Hills Mall","27609",35.8365963033271,-78.6423130219101,"$","+19197877772"
"248","Yard House",FALSE,4,333,"4208 Six Forks Rd","27609",35.83705954284,-78.6396388635339,"$$","+19198812590"
"249","BURGERFI",FALSE,3.5,193,"3004 Wake Forest Rd","27609",35.822594,-78.620584,"$$","+19199993700"
"250","Firebirds Wood Fired Grill",FALSE,4,142,"4350 Lassiter Rd","27609",35.8397163,-78.6409675,"$$","+19197888778"
"251","b.good",FALSE,3.5,103,"201 Park At N Hills St","27609",35.8368531503802,-78.6373320481186,"$$","+19199165410"
"252","Flights Restaurant & Lounge",FALSE,3.5,66,"4100 Main At North Hills St","27609",35.836120484176,-78.643721652068,"$$$","+19192781478"
"253","Bonefish Grill",FALSE,3.5,114,"4421 6 Forks Rd","27609",35.840453,-78.643358,"$$","+19197825127"
"254","Glenwood Grill",FALSE,4.5,195,"2603-151 Glenwood Ave","27608",35.8150465680023,-78.6610901355743,"$$","+19197823102"
"255","Ruth's Chris Steak House",FALSE,4,80,"4381 Lassiter at North Hills Ave","27609",35.837982211475,-78.644197028473,"$$$$","+19197911103"
"256","NOFO @ the Pig",FALSE,3.5,169,"2014 Fairview Rd","27608",35.805088,-78.646896,"$$","+19198211240"
"257","Kamado Grille",FALSE,4,180,"832 Spring Forest Dr","27609",35.8662521902048,-78.6225645857056,"$$","+19198033662"
"258","Bad Daddy's Burger Bar - Seaboard",FALSE,4.5,370,"111 Seaboard Ave","27604",35.7885814740916,-78.6397847858795,"$$","+19197479163"
"259","Tribeca Tavern",FALSE,3,147,"6004 Falls Of Neuse Rd","27609",35.8645064,-78.6199579,"$$","+19197909992"
"260","Mura",FALSE,4,205,"North Hills Mall","27609",35.8366351605328,-78.6437791585922,"$$","+19197817887"
"261","Winston's Grille",FALSE,4,161,"6401 Falls of Neuse Rd","27615",35.8696479797363,-78.6216278076172,"$$","+19197900700"
"262","Midtown Grille",FALSE,3.5,101,"4421 Six Forks Rd","27609",35.8397780015204,-78.6433063164856,"$$$","+19197829463"
"263","North Hills",FALSE,4,46,"4350 Lassiter At N Hills Ave","27609",35.8389522998,-78.643577395,"$$$","+19198811146"
"264","Salt & Lime Cabo Grill",FALSE,4.5,371,"6006 Falls Of Neuse Rd","27609",35.8650954206401,-78.6191403403193,"$$","+19198722230"
"265","Panera Bread",FALSE,3.5,45,"4421 Six Forks Rd","27609",35.840161,-78.643305,"$","+19197811112"
"266","18 Seaboard",FALSE,4,339,"18 Seaboard Ave","27604",35.7893276236175,-78.6396870126952,"$$","+19198614318"
"267","42nd Street Oyster Bar & Seafood Grill",FALSE,4,332,"508 W Jones St","27603",35.783130645752,-78.6463394165039,"$$","+19198312811"
"268","The UPS Store",FALSE,3.5,6,"4441 Six Forks Rd","27609",35.8401756286621,-78.6435012817383,NA,"+19197838098"
"269","Poole's",FALSE,4,509,"426 S McDowell St","27601",35.7747192382812,-78.6423034667969,"$$","+19198324477"
"270","McCormick & Schmick's Seafood & Steaks",FALSE,3,137,"4325 Glenwood Ave","27612",35.8385841875976,-78.676850414713,"$$$","+19198817848"
"271","The Big Easy",FALSE,3,173,"222 Fayetteville St","27601",35.777394365277,-78.63950286275,"$$","+19198326082"
"272","Amedeo's Italian Restaurant",FALSE,3.5,88,"3905 Western Blvd","27606",35.784657,-78.689811,"$$","+19198510473"
"273","The Piper's Tavern",FALSE,3.5,93,"8304 Falls of Neuse Rd","27615",35.89457,-78.61982,"$$","+19196767413"
"274","Harris Teeter",FALSE,4,17,"4093 Davis Dr","27560",35.8380585,-78.8561801,"$$","+19193800354"
"275","Harris Teeter",FALSE,4,10,"7145 O'Kelly Chapel Rd","27519",35.8444662254471,-78.8872354157628,"$$","+19194659432"
"276","Saffron Restaurant & Lounge",FALSE,3,158,"4121 Davis Dr","27560",35.835893963123,-78.858268808007,"$$","+19194695774"
"277","TCR: Triangle Cellular Repair",FALSE,5,125,"3120 John Humphries Wynd","27612",35.8261494,-78.7070599,"$$","+19192632699"
"278","Walmart Neighborhood Market",FALSE,3.5,12,"3560 Davis Dr","27560",35.8181822607293,-78.8455677512275,"$","+19193379859"
"279","Triangle Wine Company",FALSE,4.5,45,"3735 Davis Dr","27560",35.8314901,-78.8536969,"$$","+19194621912"
"280","Earth Fare Cary - Morrisville",FALSE,3.5,29,"951 Morrisville Pkwy","27560",35.809742,-78.8175964,"$$","+19193882389"
"281","Harris Teeter",FALSE,3.5,11,"Cary Park Town Center","27519",35.8211405,-78.9006946,"$$","+19194603126"
"282","Viva DF",FALSE,4.5,109,"4075 Davis Dr","27560",35.8346448409022,-78.8576671648339,"$$","+19194672627"
"283","Nishiki",FALSE,3.5,76,"1216 Parkside Main St","27519",35.8488116281022,-78.8905661925673,"$$","+19194660888"
"284","Harris Teeter",FALSE,3.5,8,"98 Cornerstone Dr","27519",35.7903416377976,-78.8520600385917,"$$","+19194671259"
"285","Peppers Market & Sandwich Shop",FALSE,4.5,196,"2107 Grace Park Dr","27560",35.820303,-78.846463,"$","+19193807002"
"286","Brixx Wood Fired Pizza",FALSE,4,42,"1111 Parkside Main St","27519",35.8474596955884,-78.8898986915938,"$$","+19196744388"
"287","Tijuana Flats",FALSE,3.5,61,"7165 O'Kelly Chapel Rd","27519",35.8441743483567,-78.8885789942835,"$","+19196293200"
"288","Stromboli's",FALSE,3.5,42,"3434 Edwards Mill Rd","27612",35.8269081115723,-78.7034530639648,"$$","+19197857075"
"289","Bella Monica",FALSE,4,335,"3121-103 Edwards Mill Rd","27612",35.8253816405571,-78.706955909729,"$$","+19198819778"
"290","Gino's Pizza",FALSE,4.5,127,"6260 Glenwood Ave","27612",35.8586006164551,-78.7035980224609,"$","+19197837555"
"291","Max's Pizza & Grill",FALSE,4,30,"5609 Creedmoor Rd","27612",35.8587227,-78.6808777,"$","+19197836565"
"292","Vic's Italian Restaurant & Pizzeria",FALSE,3.5,123,"331 Blake St","27601",35.7758806,-78.6358072,"$$","+19198297090"
"293","Assaggio's",FALSE,4,93,"3501 W Millbrook Rd","27613",35.86327,-78.71057,"$$","+19197852088"
"294","Moonlight Pizza Company",FALSE,4,133,"615 W Morgan St","27603",35.7797219626858,-78.6488728230552,"$$","+19197559133"
"295","Vic's Italian Restaurant & Pizzeria",FALSE,4,24,"4035 Lake Boone Trail","27607",35.81544,-78.69668,"$$","+19842009292"
"296","Groovy Duck Bakery",FALSE,4,69,"3434 Edwards Mill Rd","27612",35.8269005,-78.7034531,"$$","+19197879233"
"297","Cappolla's Pizza and Grill of Cary",FALSE,3.5,54,"2462 Walnut St","27518",35.7528152,-78.7415016,"$","+19198547777"
"298","Papa's Pizza & Subs",FALSE,4.5,45,"7713 Lead Mine Rd","27615",35.886196,-78.660446,"$","+19198478777"
"299","The UPS Store",FALSE,4,5,"3434 Edwards Mill Rd","27612",35.8269081115723,-78.7034530639648,NA,"+19197869993"
"300","Primo Pizza",FALSE,4,65,"682 Cary Towne Blvd","27511",35.7750656885171,-78.7661820931041,"$","+19193802729"
"301","Randy's Pizza",FALSE,4,71,"2458 Wycliff Rd","27607",35.8172733911864,-78.6927838781716,"$","+19193225990"
"302","Randy's Pizza",FALSE,3,17,"941 North Harrison Avenue","27513",35.800646,-78.7831349,"$","+19193770742"
"303","Peri Brothers Pizza",FALSE,5,59,"7321 Six Forks Rd","27615",35.8801383,-78.6460983,"$","+19198446692"
"304","Papa's Pizza & Wings",FALSE,4.5,7,"5800-111 Duraleigh Rd","27612",35.8576441323888,-78.7118904588588,"$$","+19197837373"
"305","Ruckus Pizza, Pasta & Spirits",FALSE,3.5,156,"8111 Tryon Woods Dr","27518",35.747069546016,-78.7433052062988,"$$","+19198513999"
"306","Frank's Pizza & Italian Restaurant",FALSE,4.5,65,"2030 New Bern Ave","27610",35.7794762,-78.606987,"$$","+19192318990"
"307","Cantina 18",FALSE,3.5,151,"433 Daniels St","27605",35.7896936,-78.661301,"$$","+19198359911"
"308","Chick-fil-A",FALSE,4,20,"6711 Knightdale Blvd","27545",35.797672,-78.504519,"$","+19192176981"
"309","Bojangles",FALSE,3.5,13,"4621 New Bern Ave","27610",35.7989006,-78.557869,"$","+19192319028"
"310","Arby's",FALSE,2,6,"6721 Knightdale Blvd","27545",35.7974727,-78.5040502,NA,"+19192179680"
"311","Manchester's Grill",FALSE,4,56,"9101 Leesville Rd","27613",35.89675,-78.72548,"$$","+19196763310"
"312","Leesville Tap Room",FALSE,3,65,"13200 Strickland Rd","27613",35.908040109108,-78.725361833416,"$$","+19198701515"
"313","La Cocina Mexican Restaurant",FALSE,3,33,"2121 TW Alexander Dr","27560",35.9203321,-78.8112362,"$$","+19195980777"
"314","Sheetz",FALSE,4.5,8,"1655 N Main St","27526",35.5969467163086,-78.7601470947266,"$","+19195772215"
"315","Sheetz",FALSE,4,1,"9915 Fayetteville Rd","27526",35.6348292984442,-78.7140368227128,"$","+19195771110"
"316","Sheetz",FALSE,2,3,"1885 N Broad St","27526",35.6101785931629,-78.8076841567679,"$","+19195671333"
"317","Sheetz",FALSE,3.5,5,"7900 Fayetteville Rd","27603",35.66664,-78.69862,NA,NA
"318","Jason's Pizza",FALSE,3.5,11,"Fuquay Plz","27526",35.5854797,-78.7982483,"$","+19195524796"
"319","Eagle's Gas Station",FALSE,2.5,4,"7008 Gb Alford Hwy","27540",35.6369857788086,-78.8314819335938,"$$","+19195578277"
"320","Wendy's",FALSE,2,5,"8050 Ten Ten Rd","27603",35.6638984680176,-78.6987686157227,"$","+19193298224"
"321","Sunoco",FALSE,2,1,"8112 Fayeteville Rd","27603",35.6639404,-78.701828,NA,NA
"322","McDonald's",FALSE,2.5,7,"7991 Fayetteville Rd","27603",35.6654070317745,-78.6990628391504,"$","+19197724850"
"323","Jersey Mike's Subs",FALSE,3.5,14,"701-A N. Main St.","27526",35.5917434692383,-78.7926483154297,"$","+19195573000"
"324","Subway",FALSE,3,1,"1326 N Main St","27526",35.5916939,-78.7780457,"$","+19195522609"
"325","Firehouse Subs",FALSE,3.5,11,"1303 N. Main St.","27526",35.592285,-78.777626,"$","+19197625328"
"326","Which Wich",FALSE,3,25,"145 Grand Hill Pl","27540",35.6650530022772,-78.8494243633246,"$",NA
"327","Subway",FALSE,2,2,"333 N Raleigh St","27501",35.5121421813965,-78.7417297363281,"$","+19196396949"
"328","Takeout Central",FALSE,2.5,24,"","27608",35.8088874816895,-78.6471862792969,"$$$","+19198342885"
"329","Subway",FALSE,1,1,"8109 Fayetteville Rd","27603",35.6633911,-78.7013855,NA,"+19197790635"
"330","Jersey Mike's Subs",FALSE,4,7,"7949 Fayetteville Road","27603",35.6658249,-78.6983414,"$$","+19196610111"
"331","Bagels Plus",FALSE,4,54,"100 Dickens Rd","27526",35.6154964,-78.8112189,"$","+19192854980"
"332","The Décor Coach",FALSE,5,2,"","",35.78975,-78.78116,NA,"+19194233164"
"333","Pro Movers",FALSE,3,2,"6445 Northwyck Pl","27609",35.869361,-78.614395,NA,"+19192333993"
"334","Wake Technical Community College",FALSE,3,8,"9101 Fayetteville Rd","27603",35.65086,-78.70392,NA,"+19198665000"
"335","Salvio's Pizzeria",FALSE,4,56,"2428 SW Cary Pkwy","27513",35.7633322,-78.8221442,"$$","+19194674600"
"336","Salvio's Pizzeria",FALSE,4,41,"6325 Falls of Neuse Rd","27615",35.8692207,-78.6225128,"$","+19199815678"
"337","Harris Teeter",FALSE,3.5,30,"500 Oberlin Rd","27605",35.7914135199626,-78.6621459200978,"$$","+19198289216"
"338","Harris Teeter",FALSE,1.5,9,"5563 Western Blvd","27606",35.784126,-78.72051,"$$$","+19198590110"
"339","Harris Teeter",FALSE,3.5,12,"3201-123 Edwards Mill Rd","27612",35.8252603982955,-78.7069461867213,"$$","+19197818776"
"340","Lee's Tailors",FALSE,4.5,42,"5535 Western Blvd","27606",35.7851142883301,-78.7195587158203,NA,"+19192330708"
"341","Harris Teeter",FALSE,4,6,"2603 Glenwood Ave","27608",35.815502166748,-78.6605987548828,"$$","+19197875526"
"342","Harris Teeter",FALSE,3,7,"885 Walnut St","27511",35.7753280548024,-78.7649807196902,"$$","+19194814251"
"343","The Butcher's Market",FALSE,4.5,115,"1225 Kildaire Farm Rd","27511",35.7630252925449,-78.7829142050323,"$$","+19194653082"
"344","Harris Teeter",FALSE,4,21,"2080 Kildaire Farm Rd","27511",35.7352417,-78.7804748,"$$","+19192339483"
"345","Pam's Farm House",FALSE,4,89,"5111 Western Blvd","27606",35.785991,-78.711845,"$","+19198599990"
"346","Starbucks",FALSE,4,11,"500 Oberlin Rd","27605",35.79145,-78.66195,"$","+19198569444"
"347","Shaba Shabu",FALSE,3.5,238,"3080 Wake Forest Rd","27609",35.8240606,-78.6217491,"$$","+19195017755"
"348","Thaiphoon Bistro",FALSE,3.5,143,"301 Glenwood Ave","27603",35.7845466,-78.647389,"$$","+19197204034"
"349","Brasa Brazilian Steakhouse",FALSE,3.5,247,"8551 Brier Creek Pkwy","27617",35.9053600873143,-78.7839655049937,"$$$","+19195443344"
"350","Latin Quarters",FALSE,3.5,151,"7335 Six Forks Rd","27615",35.8803442908773,-78.6475036541061,"$$","+19199008333"
"351","Dantes Italiano",FALSE,4,59,"13200 New Falls of Neuse Rd","27614",35.940424363889,-78.5604643821716,"$$","+19195562146"
"352","Buku",FALSE,4,621,"110 E Davie St","27601",35.7755123823881,-78.638070076704,"$$","+19198346963"
"353","Hayashi Japanese Restaurant",FALSE,4,86,"13200 New Falls Of Neuse Rd","27614",35.9403218228504,-78.5602665264587,"$$","+19195540508"
"354","Sushi One",FALSE,3.5,80,"8470 Honeycutt Rd","27615",35.8949595182615,-78.6214315347794,"$$","+19196153209"
"355","Golden Sakura Restaurant",FALSE,2.5,4,"12516-104 Capital Blvd","27587",35.9878807,-78.5330582,NA,"+19195548828"
"356","Five Guys Burgers & Fries",FALSE,3.5,21,"1018 Shoppes At Midway Dr","27545",35.798431,-78.507278,"$","+19192666664"
"357","Hibachi K Express",FALSE,4,28,"4001 Wide Waters Pkwy","27545",35.7949409184661,-78.5056539121899,"$$","+19192178875"
"358","Hwy 55 Burgers Shakes & Fries",FALSE,4,15,"1011 S Smithfield Rd","28545",35.7967855677752,-78.4881375600587,"$","+19192619841"
"359","McDonald's",FALSE,1,1,"7141 US 64 Hwy E","27545",35.7987785339355,-78.4885559082031,NA,"+19192666700"
"360","Stuart Jones Photography",FALSE,5,2,"4200 White Pine Dr","27612",35.8394508,-78.6951675,NA,"+19196235561"
"361","McDonald's",FALSE,3,5,"1700 Trawick Rd","27604",35.7990798950195,-78.5771255493164,"$","+19192316205"
"362","El Taco Market",FALSE,4,30,"3800 New Bern Ave","27610",35.797415,-78.576007,"$","+19192500412"
"363","McDonald's",FALSE,4.5,2,"6320 Battle Bridge Rd","27610",35.72382,-78.5468999,"$",""
"364","Tacos Y Mariscos Vallarta",FALSE,4,56,"3177 Capital Blvd","27604",35.8236312866211,-78.5886077880859,"$$","+19197902696"
"365","McDonald's",FALSE,2.5,2,"3424 Poole Rd","27610",35.7674980163574,-78.5782165527344,"$","+19192500072"
"366","McDonalds Inside Walmart",FALSE,1,1,"4431 New Bern Ave","27610",35.8004417,-78.5600204,NA,"+19192313242"
"367","Chuck E. Cheese's",FALSE,3,14,"3501-131 Capital Blvd","27604",35.827835,-78.586929,"$","+19198509922"
"368","McDonald's",FALSE,3,1,"5016 Spring Forest Rd","27616",35.8554725646973,-78.5566024780273,NA,"+19199548880"
"369","McDonald's",FALSE,3.5,2,"4413 Capital Blvd","27604",35.8441315,-78.5805283,"$","+19198780155"
"370","Popeyes",FALSE,3.5,29,"3699 New Bern Ave","27604",35.7975592,-78.5779937,"$","+19198037777"
"371","McDonald's",FALSE,3.5,4,"Triangle Town Center Mall","27616",35.8667908,-78.5738373,"$","+19197922566"
"372","Steak 'n Shake",FALSE,2.5,52,"2840 Millbrook Rd","27604",35.84907,-78.58383,"$","+19198726669"
"373","Wendy's",FALSE,2,14,"7460 Louisburg Rd","27616",35.8756104,-78.5402756,"$","+19197130810"
"374","McDonald's",FALSE,2,8,"6250 Capital Blvd","27616",35.870231,-78.580111,"$","+19198785907"
"375","Big Al's BBQ",FALSE,4,131,"2920 Forestville Rd","27616",35.8941813635801,-78.508016593933,"$$","+19192170653"
"376","Big Al's BBQ Catering",FALSE,4.5,28,"2920 Forestville Rd","27616",35.8941813635801,-78.508016593933,"$","+19192170653"
"377","Twisted Fork",FALSE,3.5,191,"3571 Sumner Blvd","27616",35.8652422190175,-78.5754570841003,"$$","+19197922535"
"378","Bedford Bistro & Bar",FALSE,4,30,"3607 Falls River Ave","27614",35.9298503397603,-78.564833313624,"$$","+19197204482"
"379","Bella Italia",FALSE,3.5,56,"10630 Durant Rd","27614",35.9062009065237,-78.592686758106,"$$","+19196760076"
"380","Wakefield Tavern",FALSE,4,93,"13200 Falls of Neuse Rd","27614",35.9401502667686,-78.5606071670036,"$$","+19195540673"
"381","Toreros Mexican Restaurant",FALSE,4,93,"4721 Atlantic Ave","27604",35.848752843558,-78.602133759373,"$$","+19198739116"
"382","Texas Roadhouse",FALSE,3.5,55,"11440 Capital Boulevard","27587",35.956459,-78.540342,"$$","+19195692119"
"383","My Place",FALSE,3.5,40,"2108 S Main St","27587",35.949661,-78.534071,"$$","+19197615009"
"384","Village Deli and Grill",FALSE,3.5,54,"1849 S Main St","27587",35.9526886,-78.5276639,"$$","+19194531250"
"385","Over the Falls",FALSE,4,154,"419 S Brooks St","27587",35.9750729,-78.5095004,"$$","+19195708588"
"386","China Cary",FALSE,3,9,"2972 Kildaire Farm Rd","27511",35.717456638813,-78.7877587974072,"$$$","+19193635688"
"387","Hibachi China Buffet",FALSE,2.5,99,"111 Shannon Oaks Cir","27511",35.7599602,-78.7839279,"$$","+19193881686"
"388","First China Restaurant",FALSE,3.5,12,"6452 Tryon Rd","27511",35.7441177,-78.7611657,"$","+19198525857"
"389","China Pearl",FALSE,2.5,4,"107 New Waverly Pl","27511",35.7367564737797,-78.7783429026604,NA,"+19198510358"
"390","Taipei 101",FALSE,3.5,122,"121 E Chatham St","27511",35.7874908,-78.7805939,"$$","+19193885885"
"391","Super Asian Buffet",FALSE,2.5,39,"1207 J Kildaire Farm Rd","27511",35.7638016,-78.7821884,"$$","+19194606288"
"392","Pei Wei",FALSE,3,69,"1107 Walnut St.","27511",35.77377,-78.760255,"$","+19193370050"
"393","China Pearl",FALSE,2.5,23,"Swift Creek Shopping Center","27606",35.7445125,-78.7389913,"$","+19198510358"
"394","Orient Garden",FALSE,4,20,"1233 NW Maynard Rd","27513",35.7843275530205,-78.8124169340847,"$$","+19193801323"
"395","China King of Cary",FALSE,3,23,"313 Crossroads Blvd","27511",35.760903,-78.7386887,"$",NA
"396","One China",FALSE,3,14,"764 W Williams St","27502",35.7384663394779,-78.8628183346848,"$","+19193626887"
"397","Korean Garden",FALSE,3,43,"748 E Chatham St","27511",35.79157,-78.76514,"$$","+19193883615"
"398","China One",FALSE,2.5,11,"661 Cary Towne Blvd","27511",35.7757537,-78.7660331,"$","+19194610088"
"399","Lucky 7",FALSE,3.5,34,"906 NE Maynard Rd","27513",35.8014793,-78.7680206,"$","+19193807550"
"400","New China Chinese Restaurant",FALSE,3,24,"949 N Harrison Ave","27513",35.8009316772223,-78.7830501794815,"$","+19193809328"
"401","Cilantro Indian Cafe",FALSE,4.5,190,"107 Edinburgh S Dr","27511",35.736763,-78.797925,"$$","+19192341264"
"402","Holiday Inn Express & Suites Raleigh Sw Nc State",FALSE,4,10,"3741 Thistledown Dr","27606",35.754921,-78.6994019,"$$","+19198540001"
"403","Hilton Garden Inn Raleigh Cary",FALSE,3.5,23,"131 Columbus Ave","27518",35.756407993318,-78.7364124960647,"$$","+19193770440"
"404","Taverna Agora",FALSE,4,171,"326 Hillsborough St","27603",35.7810173034668,-78.6444320678711,"$$","+19198818333"
"405","The Umstead Hotel",FALSE,4.5,121,"100 Woodland Pond Dr","27513",35.8301659406863,-78.7652134895325,"$$$","+19194474000"
"406","Second Empire Restaurant And Tavern",FALSE,4.5,299,"330 Hillsborough St","27603",35.780739,-78.644823,"$$$","+19198293663"
"407","Extended Stay America - Raleigh - Cary - Regency Parkway South",FALSE,2,4,"3100 Regency Parkway","27518",35.7321586608887,-78.7885208129883,"$$$","+18008043724"
"408","The Morning Times",FALSE,4,340,"10 E Hargett St","27601",35.7781155,-78.6387547,"$","+19198361204"
"409","Danny's Bar-B-Que",FALSE,4,116,"311 Ashville Ave","27518",35.73791,-78.78493,"$","+19198515541"
"410","Escazú Artisan Chocolates",FALSE,4.5,117,"936 N Blount St","27604",35.79339467331,-78.635412747012,"$$","+19198323433"
"411","Sugarland",FALSE,3,124,"2031 Cameron St","27605",35.7907043162695,-78.6603617942934,"$$","+19198352100"
"412","Ridgewood Wine & Beer Co",FALSE,4.5,16,"1214 Ridge Rd","27607",35.8031198,-78.6873911,"$$","+19198325232"
"413","Crafty Beer Shop",FALSE,4.5,38,"2005 Fairview Rd","27608",35.8042160704878,-78.6464994065766,"$$","+19196153008"
"414","College Beverage",FALSE,1.5,4,"3006 Hillsborough Street","27607",35.78983,-78.67645,"$$","+19198323778"
"415","FreshBerry Frozen Yogurt Cafe",FALSE,4,24,"2526 Hillsborough St","27607",35.788376,-78.669244,"$","+19198210772"
"416","Smallcakes the Cupcakery",FALSE,2.5,4,"2526 Hillsborough St","27607",35.7879533254129,-78.6696740767212,"$","+19198210772"
"417","Burger King Operations/Kin Restaurants",FALSE,1,1,"3000 Capital Blvd","27604",35.8202209,-78.5920181,NA,"+19198722070"
"418","McDonald's",FALSE,1.5,21,"7100 Gb Alford Hwy","27540",35.6362495422363,-78.8310775756836,"$","+19195524071"
"419","Sonic Drive-In",FALSE,2,21,"700 Cayman Ave","27540",35.6611404,-78.8353424,"$","+19195672555"
"420","Burger King",FALSE,1,1,"1299 N Main St","27526",35.5922088623047,-78.7787322998047,NA,"+19195521045"
"421","Wendy's",FALSE,3,3,"2964 Kildaire Farm Rd","27518",35.7187995910645,-78.7876663208008,"$","+19193635748"
"422","Burger King",FALSE,2,5,"313 Colonades Way","27518",35.7396625627317,-78.778986160206,"$","+19192339855"
"423","Burger King",FALSE,4,1,"801 Village Walk Dr","27540",35.6392097,-78.8345718,"$",NA
"424","Chick-fil-A",FALSE,3.5,24,"1110 Beaver Creek Commons Dr","27502",35.7460876,-78.87402749,"$","+19193032377"
"425","Cook Out",FALSE,3.5,56,"1607 Walnut St","27511",35.7641143798828,-78.7480926513672,"$",NA
"426","Five Guys Burgers and Fries",FALSE,4,33,"712 Southeast Maynard Road","27511",35.7695099,-78.76346,"$","+19194677577"
"427","Five Guys Burgers and Fries",FALSE,3.5,31,"1856 Boulderstone Way","27519",35.7913100796221,-78.8487559307258,"$","+19194651936"
"428","Hampton Inn & Suites Holly Springs",FALSE,4.5,3,"1516 Ralph Stephens Rd","27540",35.636303,-78.83783,"$$","+19195527610"
"429","Ruby Tuesday",FALSE,2.5,38,"131 Crossroads Blvd","27518",35.7617607,-78.7422638,"$$","+19198549990"
"430","Freddy's Frozen Custard & Steakburgers",FALSE,3.5,51,"1705 High House Rd","27513",35.7919456749065,-78.8438128304941,"$","+19193772677"
"431","Burger King",FALSE,1.5,4,"535 Walnut St","27511",35.776371,-78.76876,"$","+19194672678"
"432","Bad Daddy's Burger Bar - Morrisville",FALSE,4,202,"3300 Village Market Pl","27560",35.8079004422651,-78.8189933302029,"$$","+19192970953"
"433","Burger King",FALSE,1,9,"2791 Nc Hwy 55 W","27519",35.786079,-78.871696,"$","+19193870071"
"434","Tacos Mexico Restaurant",FALSE,4,61,"1430 N Main St","27526",35.5932788,-78.7708115,"$","+19195571777"
"435","McDonald's",FALSE,1.5,13,"869 SE Maynard Rd","27511",35.7763214,-78.7646484,NA,"+19194673883"
"436","Carlie C's IGA",FALSE,3,3,"1514 Garner Station Blvd","27603",35.725707023931,-78.6551141738892,"$$",NA
"437","Carlie C's",FALSE,3,9,"4111 New Bern Ave","27610",35.7991649,-78.5674006,"$$","+19192507876"
"438","Pearl Chinese Restaurant",FALSE,3.5,74,"3215 Avent Ferry Rd","27606",35.7668262761724,-78.6949880926174,"$","+19192338776"
"439","Starbucks",FALSE,3.5,24,"125 Weston Pkwy","27513",35.827094393612,-78.7707850743113,"$","+19196776104"
"440","Starbucks",FALSE,3.5,22,"1904 NW Maynard Rd","27513",35.7986750488759,-78.7950729380704,"$$","+19194819124"
"441","Caribou Coffee",FALSE,4,50,"3300 Duraleigh Rd","27612",35.825137971358,-78.7084731607661,"$","+19197879611"
"442","New World Coffee House",FALSE,4,195,"4112 Pleasant Valley Rd","27612",35.8603739893191,-78.7046134267209,"$","+19197860091"
"443","BREW",FALSE,4,26,"The Cary Theater","27511",35.7871034117088,-78.7805688396784,"$","+19194005473"
"444","Caribou Coffee",FALSE,4,41,"109 SW Maynard Rd","27511",35.7709884643555,-78.7826919555664,"$$","+19193196265"
"445","Starbucks",FALSE,3,23,"Terminal 2, RDU","27560",35.8765329419153,-78.7935050091627,"$$",NA
"446","Starbucks",FALSE,4,12,"1025 Airside Dr","27623",35.8767453864,-78.7934322274703,"$$","+19198400506"
"447","Starbucks",FALSE,3.5,17,"3101 Edwards Mill Rd","27612",35.82544,-78.70695,"$$","+19197894422"
"448","Cafe Carolina and Bakery",FALSE,3,79,"137 Weston Pkwy","27513",35.8281969,-78.7715457,"$","+19196788855"
"449","Starbucks",FALSE,4,29,"3608-400 Davis Dr","27560",35.8216827196524,-78.8476068459453,"$","+19194601170"
"450","Starbucks",FALSE,2.5,6,"RDU Airport Terminal 1","27560",35.8767453864,-78.7934322274703,"$","+19198400506"
"451","Starbucks",FALSE,3.5,30,"204 Crossroads Blvd","27511",35.7605560936239,-78.7411189488902,"$","+19192334905"
"452","Starbucks",FALSE,2.5,18,"1217 Kildaire Farm Rd","27511",35.7637672424316,-78.7831268310547,"$$","+19194651229"
"453","Starbucks",FALSE,3.5,9,"1107 Walnut St","27511",35.7714348,-78.7628632,"$$","+19194689908"
"454","Starbucks",FALSE,4,25,"6282 Glenwood Ave","27612",35.8572779,-78.7037516,"$","+19197850111"
"455","Starbucks",FALSE,2.5,5,"3001 Market Ctr Dr","27560",35.8050339173765,-78.8170023735558,"$$","+19193792180"
"456","Crema Coffee & Bakery",FALSE,4.5,122,"1983 High House Rd","27519",35.7899524,-78.8501843,"$","+19193801840"
"457","Elixir Coffee",FALSE,4,24,"2000 Boulderstone Way","27519",35.7915649414062,-78.8485946655273,"$","+19193883783"
"458","Taco Bell",FALSE,2,17,"3821 Western Blvd","27606",35.784825,-78.688507,"$","+19198519034"
"459","Chipotle Mexican Grill",FALSE,3.5,35,"2316 Hillsborough St","27607",35.7877,-78.66665,"$","+19195761894"
"460","Baja Burrito",FALSE,3.5,73,"2109 Avent Ferry Rd","27606",35.779686394905,-78.675648833698,"$","+19198343431"
"461","Gonza Tacos Y Tequila",FALSE,4,74,"2100 Hillsborough St","27607",35.786750793457,-78.6633758544922,"$$","+19192688965"
"462","Armadillo Grill",FALSE,3.5,102,"439 Glenwood Ave","27603",35.786118316766,-78.6474545239476,"$","+19195460555"
"463","Dos Taquitos Xoco",FALSE,3,133,"410 Glenwood Ave","27603",35.785634,-78.6472979,"$$","+19198359010"
"464","El Cerro Restaurant",FALSE,2.5,46,"2217 Avent Ferry Rd","27606",35.7785849863832,-78.6766269776132,"$","+19198320293"
"465","El Rodeo Mexican Restaurant",FALSE,4,72,"329 S Blount St","27601",35.7756805419922,-78.6362533569336,"$","+19198290777"
"466","La Rancherita",FALSE,3.5,37,"2400 Hillsborough St","27607",35.787696487566,-78.6670727458954,"$$","+19197559697"
"467","La Carreta Mexican Restaurant",FALSE,3.5,47,"1028 Oberlin Rd","27605",35.7975573684215,-78.6595097048935,"$$","+19199773271"
"468","Taqueria El Toro",FALSE,4.5,185,"3601 Junction Blvd","27603",35.7308158874512,-78.657096862793,"$","+19196615676"
"469","Taco Bell",FALSE,3,10,"2101 Walnut St","27518",35.7575,-78.74129,"$","+19198520680"
"470","Gringo A Go-Go",FALSE,3.5,140,"100 N Person St","27601",35.781265,-78.634478,"$$","+19199771438"
"471","Moe's Southwest Grill",FALSE,2.5,17,"506 Daniels St","27605",35.7909947633743,-78.6611243337393,"$","+19196646637"
"472","Neomonde Bakery & Deli",FALSE,4.5,334,"3817 Beryl Rd","27607",35.793248,-78.690182,"$","+19198281628"
"473","Golden Dragon",FALSE,3.5,30,"2402 Hillsborough St","27607",35.7876306,-78.6671383,"$","+19198342626"
"474","The Pharmacy Cafe",FALSE,4.5,16,"702 N Person St","27604",35.7891044616699,-78.6340866088867,"$","+19199773805"
"475","The Roast Grill",FALSE,4,119,"7 S West St","27603",35.780231,-78.645645,"$","+19198328292"
"476","Char-Grill",FALSE,4,64,"618 Hillsborough St","27603",35.7811,-78.64851,"$","+19198217636"
"477","Stanbury",FALSE,4.5,181,"938 N Blount St","27604",35.7931827753782,-78.6356239020824,"$$$","+19199774321"
"478","The Mecca Restaurant",FALSE,4,117,"13 E Martin St","27601",35.7770957946777,-78.6386413574219,"$","+19198325714"
"479","The Station",FALSE,3.5,214,"701 N Person St","27604",35.789169,-78.63456,"$$","+19199771567"
"480","Snoopy's Hot Dogs & More",FALSE,3.5,35,"3600 Hillsborough St","27607",35.7933884,-78.6835938,"$","+19197559022"
"481","Bida Manda",FALSE,4.5,788,"222 S Blount St","27601",35.7772492676183,-78.6367019169414,"$$","+19198299999"
"482","Death & Taxes",FALSE,3.5,115,"105 W Hargett St","27601",35.778182,-78.640541,"$$$$","+19842420218"
"483","Sitti",FALSE,4,552,"137 S Wilmington St","27601",35.778405434936,-78.638135231855,"$$","+19192394070"
"484","United Skates of America",FALSE,4.5,4,"2901 Trawick Rd","27604",35.8202782,-78.5893478,NA,"+19197903808"
"485","Hyatt Place Raleigh West",FALSE,4,28,"710 Corporate Ctr Dr","27607",35.79191,-78.73806,"$$","+19192332205"
"486","Hyatt Place Raleigh-Durham Airport",FALSE,3.5,32,"200 Airgate Dr","27560",35.8645515,-78.8144684,"$$","+19194052400"
"487","Hyatt House Raleigh North Hills",FALSE,4.5,28,"160 Park at North Hills St","27609",35.836828,-78.6387031,"$$","+19193630771"
"488","PNC Arena",FALSE,4,97,"1400 Edwards Mill Road","27607",35.80324,-78.72293,NA,"+19198612300"
"489","Catherine Nguyen Photography",FALSE,5,25,"","27609",35.8427276611328,-78.6337280273438,NA,"+19175247297"
"490","Chuy's",FALSE,3.5,198,"4020 Market At North Hills St","27609",35.8366515516641,-78.6376325573292,"$$","+19195712489"
"491","Dean's Seafood Grill and Bar",FALSE,3.5,183,"1080 Darrington Dr","27513",35.8003005981445,-78.8167877197266,"$$","+19194595875"
"492","Cambria hotel & suites Raleigh-Durham Airport",FALSE,4,32,"300 Airgate Dr","27560",35.865484,-78.814742,"$$","+19193613311"
"493","Sai Krishna Bhavan",FALSE,3.5,69,"10970 Chapel Hill Rd","27560",35.8562299,-78.8408,"$$","+19194810910"
"494","Raleigh Marriott City Center",FALSE,3.5,81,"500 Fayetteville Street","27601",35.77359,-78.63997,"$$","+19198331120"
"495","La Quinta Inn & Suites Raleigh Durham Intl AP",FALSE,3.5,21,"1001 Hospitality Ct","27560",35.8593786388312,-78.8158527830245,"$$","+19194611771"
"496","Hilton Garden Inn Raleigh/Durham Airport",FALSE,4,50,"1500 RDU Center Dr","27560",35.8511,-78.7961,"$$","+19198408088"
"497","Raleigh Marriott Crabtree Valley",FALSE,3,46,"4500 Marriott Dr","27612",35.8430213,-78.6781509,"$$","+19197817000"
"498","DoubleTree By Hilton Hotel Raleigh - Brownstone - University",FALSE,3,49,"1707 Hillsborough St","27605",35.78427,-78.66021,"$$","+19198280811"
"499","Hilton Garden Inn",FALSE,4,9,"3912 Arrow Dr","27612",35.83542,-78.67323,"$$","+19197032525"
"500","Mellow Mushroom",FALSE,3.5,143,"4300 NW Cary Pkwy","27513",35.7902030944824,-78.8281478881836,"$$","+19194637779"
"501","Randy's Pizza",FALSE,3,66,"4129 Davis Dr","27560",35.8360018415505,-78.8583919478614,"$","+19194683737"
"502","Papa John's Pizza",FALSE,5,2,"1238 W Williams St","27502",35.745636,-78.8725204,"$","+19193039100"
"503","The Pizza Dude",FALSE,3.5,42,"1763 W Williams St","27523",35.7575174,-78.8763318,"$","+19193036686"
"504","Paisan's Italian Restaurant",FALSE,3.5,82,"1275 NW Maynard Rd","27513",35.7858305,-78.8116365,"$$","+19193883033"
"505","Brixx Wood Fired Pizza",FALSE,4,25,"14112 Bradford Green Sq","27513",35.7940634854914,-78.8455762851558,"$$","+19193361111"
"506","Pizza Hut",FALSE,2.5,14,"920 NE Maynard Rd","27513",35.8014526,-78.7679825,"$$","+19194699991"
"507","Blaze Fast-Fire'd Pizza",FALSE,4.5,175,"Park West Village","27560",35.808086,-78.815149,"$","+19194659590"
"508","J & S New York Pizza",FALSE,4,48,"804 Perry Rd","27502",35.7206379,-78.8442204,"$","+19193630071"
"509","Belgian Cafe",FALSE,4,70,"1232 W Williams St","27502",35.7460582205021,-78.8724289871869,"$$","+19193725128"
"510","Papa John's Pizza",FALSE,1.5,8,"238 Grande Heights Dr","27513",35.8043901704532,-78.7801772199772,NA,"+19194621441"
"511","Roma's Italian",FALSE,4,21,"203 N Harrison Ave","27513",35.788173,-78.783897,"$","+19194681111"
"512","Hungry Howie's Pizza",FALSE,3,15,"1904 NW Maynard Rd Unit C","27513",35.798876,-78.794904,"$","+19192341380"
"513","Marco's Pizza",FALSE,3.5,11,"1015 Davis Drive","27523",35.7538274532229,-78.8483527419021,"$","+19193878820"
"514","Patrick Jane's Gourmet Pizza Bar & Bistro",FALSE,3.5,150,"The Shoppes of Kildaire","27511",35.7597237,-78.7830811,"$$","+19193888001"
"515","Today Asia Market",FALSE,4.5,19,"1207 Kildaire Farm Rd","27511",35.7638016,-78.7821884,"$$","+19193800588"
"516","S Mart",FALSE,3.5,55,"1000 Ryan Rd","27511",35.7773557521782,-78.7679674313793,"$$","+19194690559"
"517","Pho Vietnam",FALSE,4,155,"1284 Buck Jones Rd","27606",35.766339,-78.742165,"$","+19196555665"
"518","Thai Villa",FALSE,3.5,117,"1319 Buck Jones Rd","27606",35.7645747208655,-78.7421581269837,"$$","+19194629010"
"519","Toyo Shokuhin & Gift Shop",FALSE,4.5,32,"748 E Chatham St Ste L","27511",35.79157,-78.76514,"$$","+19193191620"
"520","A & C Supermarket",FALSE,3.5,26,"3210 S Wilmington St","27603",35.7368240356445,-78.6514892578125,"$","+19192322288"
"521","ãn",FALSE,4,255,"2800 Renaissance Park Pl","27513",35.828605,-78.772628,"$$$","+19196779229"
"522","Kimbap",FALSE,4,201,"111 Seaboard Ave","27604",35.788608,-78.640168,"$$","+19199008053"
"523","Noodles & Company",FALSE,3.5,54,"403 Daniels St","27605",35.789435990375,-78.661556928741,"$","+19197550282"
"524","Sam's Club",FALSE,3,16,"3001 Calvary Dr","27604",35.8464991383294,-78.585403770158,"$$","+19198740112"
"525","Big Boss Brewing Company",FALSE,4,81,"1249-A Wicker Dr","27604",35.809822903712,-78.617161996997,"$","+19198340045"
"526","Finchs Restaurant",FALSE,3.5,75,"401 W Peace St","27603",35.788055,-78.643424,"$","+19198347396"
"527","Tazza Kitchen Cameron Village",FALSE,4.5,221,"432 Woodburn Rd","27605",35.7904985,-78.6586216,"$$","+19198359463"
"528","MoJoe's Burger Joint",FALSE,4,194,"620 Glenwood Ave","27603",35.7884941101074,-78.6469268798828,"$","+19198326799"
"529","The Cheesecake Factory",FALSE,3.5,232,"4325 Glenwood Ave","27612",35.8398333749835,-78.6784108465577,"$$","+19197810050"
"530","Memphis Barbecue",FALSE,3.5,108,"1498 Skibo Rd","28303",35.0828506396498,-78.9558602755016,"$$","+19105683228"
"531","Keith's BBQ and J K's Lunchroom",FALSE,5,8,"13037 Keith Store Rd","27587",35.9694595,-78.5614624,NA,"+19196186211"
"532","Backyard Bistro",FALSE,3,149,"1235 Hurricane Alley Way","27607",35.7989654541016,-78.7255477905273,"$$","+19198516203"
"533","Smokey's BBQ Shack",FALSE,4,187,"10800 Chapel Hill Rd","27560",35.849843,-78.839056,"$","+19194691724"
"534","Nana's",FALSE,4.5,249,"2514 University Dr","27707",35.973934173584,-78.9250946044922,"$$$","+19194938545"
"535","Capital City Chop House Raleigh",FALSE,3.5,87,"151 Airgate Dr","27560",35.8634376525879,-78.8147811889648,"$$$","+19194847721"
"536","Hilton Durham Near Duke University",FALSE,3,26,"3800 Hillsborough Rd","27705",36.0262558,-78.9567106,"$$","+19193838033"
"537","Oak City Meatball Shoppe",FALSE,4,219,"180 E Davie St","27601",35.7754728198051,-78.6371326446533,"$$","+19197149014"
"538","Capital Club 16",FALSE,4,182,"16 W Martin St","27601",35.7770482987727,-78.640130534236,"$$","+19197479345"
"539","Sono Sushi Restaurant Bar",FALSE,4,301,"319 Fayetteville St","27601",35.775911064349,-78.639189410175,"$$","+19195215328"
"540","DeMo's Pizzeria & Deli",FALSE,4.5,97,"222 Glenwood Ave","27603",35.783627,-78.647144,"$","+19197541050"
"541","Garland",FALSE,4.5,148,"14 W Martin St","27601",35.777135,-78.639802,"$$","+19198336886"
"542","Joule Coffee & Table",FALSE,4,284,"223 S Wilmington St","27601",35.777511,-78.637939,"$$","+19194247422"
"543","Subway",FALSE,4.5,3,"Wallmart","27597",35.8311992150299,-78.2967238686345,"$","+19192692699"
"544","Subway",FALSE,2,2,"2859 Wendell Blvd","27591",35.7943522624015,-78.3799342811108,NA,"+19193654005"
"545","Bravos Pizzeria",FALSE,5,10,"9 N Main St","27591",35.7813034057617,-78.3701934814453,"$","+19193656065"
"546","Subway",FALSE,4,2,"1130 US 1 Hwy","27596",35.975227818096,-78.3853912353516,NA,"+19195566623"
"547","Subway",FALSE,4.5,4,"1018 Shoppes At Midway Dr","27545",35.7981949,-78.5046005,"$","+19192170008"
"548","Subway",FALSE,1,1,"411 S Main St","27571",35.916820526123,-78.4655303955078,NA,"+19195543511"
"549","Subway",FALSE,2.5,2,"8410 Louisburg Rd","27616",35.8933005013338,-78.510389571544,NA,"+19192660300"
"550","Bailey Cafe",FALSE,4.5,10,"12544 Hanover St","27807",35.77895,-78.1184,"$","+12522352767"
"551","Jersey Mike's Subs",FALSE,4,17,"4121-101 New Bern Avenue","27610",35.801143,-78.565269,"$","+19192310070"
"552","Subway",FALSE,5,1,"922 Gateway Commons","27587",35.9678764,-78.496109,NA,"+19195625700"
"553","Subway",FALSE,3,4,"6320 Capital Blvd","27616",35.870735168457,-78.5784683227539,"$","+19198781777"
"554","Which Wich ?",FALSE,3.5,55,"4025 Lake Boone Trl","27607",35.81545,-78.69647,"$","+19197811101"
"555","Subway",FALSE,3,2,"5959 Triangle Town Blvd","27616",35.8667908,-78.5738373,NA,"+19197922491"
"556","Nashers Sandwich House",FALSE,4.5,131,"10630 Durant Rd","27614",35.90619,-78.59248,"$","+19842695099"
"557","Which Wich",FALSE,4,33,"4120-140 Main at N Hills St","27609",35.8365356798848,-78.6426345258951,"$","+19197869111"
"558","Subway",FALSE,3.5,3,"4934 Raleigh Rd","27896",35.7629356,-77.9994278,"$","+12522067187"
"559","Linus & Peppers",FALSE,4.5,50,"126 Salisbury St","27601",35.7784783820258,-78.6403281693081,"$","+19198333866"
"560","Jersey Mike's Subs",FALSE,4,17,"6176 Falls of Neuse Road","27609",35.86657,-78.620178,"$","+19198707827"
"561","Groucho's Deli of Raleigh",FALSE,4,25,"10 Horne St","27607",35.7880786528937,-78.6678160064433,"$","+19199777747"
"562","Lucettegrace",FALSE,4.5,182,"235 South Salisbury St","27601",35.7775215,-78.6400561,"$$","+19193074950"
"563","North Carolina Museum of Natural Sciences",FALSE,4.5,152,"11 W Jones St","27601",35.7822735,-78.6395502,"$","+19197079800"
"564","Hayes Barton Café & Dessertery",FALSE,4,165,"2000 Fairview Rd","27608",35.8045272827148,-78.6463241577148,"$$","+19198568551"
"565","Videri Chocolate Factory",FALSE,4,124,"327 W Davie St","27601",35.7756292113368,-78.6447304318771,"$$","+19197555053"
"566","Soo Café",FALSE,4.5,156,"2815 Brentwood Rd","27604",35.8171559947175,-78.5962332235565,"$$","+19198761969"
"567","Virgil's Original Taqueria",FALSE,4,46,"126 S Salisbury St","27601",35.7786199,-78.64041,"$$","+19198333866"
"568","Crab Stop the Northside Fish Market",FALSE,4,1,"2275 New Hope Church Rd","27604",35.835186,-78.599472,NA,"+19198500891"
"569","Kai Sushi and Sake Bar",FALSE,4.5,178,"7713 Lead Mine Rd","27615",35.886173,-78.660438,"$$","+19198704923"
"570","Waraji Japanese Restaurant",FALSE,4,277,"5910 Duraleigh Rd","27612",35.8593550671142,-78.7124408362804,"$$","+19197831883"
"571","Renaissance Raleigh North Hills Hotel",FALSE,4,43,"4100 Main At North Hills St","27609",35.8359603881836,-78.6438217163086,"$$$","+19195718773"
"572","Vivace",FALSE,4,185,"4209 Lassiter Mill Rd","27609",35.8388639292319,-78.6447072029114,"$$","+19197877747"
"573","Tokyo House",FALSE,4,94,"7439 Six Forks Rd","27615",35.881218,-78.6460808,"$$","+19198483350"
"574","Fox and Hound Pub & Grille",FALSE,3,118,"4158 Main N Hills St","27609",35.837034499773,-78.642232511629,"$$","+19197814495"
"575","Ajisai Japanese Fusion",FALSE,4.5,219,"427 Woodburn Rd","27605",35.7901556663343,-78.6595404291254,"$$","+19198319907"
"576","Kanki",FALSE,3.5,132,"4325 Glenwood Ave","27612",35.8393211364746,-78.6790237426758,"$$","+19197829708"
"577","Food Lion",FALSE,4.5,3,"3151 Capital Blvd","27604",35.8231468200684,-78.590446472168,"$$$","+19197906728"
"578","Food Lion",FALSE,4,5,"1100 N Raleigh Blvd","27610",35.79422,-78.6114426,"$","+19198297077"
"579","Trader Joe's",FALSE,4.5,119,"3000 Wake Forest Rd","27609",35.823313875369,-78.6215473857056,"$$","+19199817422"
"580","Sopranos Grill",FALSE,4,53,"1030 N Rogers Ln","27610",35.7921497139744,-78.5491436068153,"$$","+19198278848"
"581","Food Lion",FALSE,2,6,"3416 Poole Rd Ste 120","27610",35.7672462463379,-78.5795364379883,"$$","+19192316202"
"582","Food Lion Llc Store 2504",FALSE,3,1,"1030 N Rogers Ln Ste 125","27610",35.79167,-78.54836,"$","+19197920321"
"583","Aldi",FALSE,4,5,"2900 Sunrise Valley Pl","27610",35.7938581172779,-78.5471554927113,"$",NA
"584","El Mandado Supermarket",FALSE,4.5,7,"4020 Capital Blvd","27604",35.835506439209,-78.5796813964844,"$","+19198781800"
"585","Chuck & Buck Cones N Cups",FALSE,4.5,120,"4610 Capital Blvd","27604",35.8464972,-78.5798598,"$","+19198872992"
"586","Slingshot Coffee",FALSE,5,3,"1420 Brookside Dr","27604",35.798267,-78.623977,"$",NA
"587","Food Lion",FALSE,2,5,"4510 Capital Blvd","27604",35.8457108,-78.5789566,"$$","+19198768126"
"588","Lowes Foods",FALSE,3.5,16,"3001 Widewaters Pkwy","27545",35.795017488115,-78.5050919053695,"$$","+19192179184"
"589","Harris Teeter",FALSE,4,19,"120-100 St Alban's Rd","27609",35.8383139,-78.639811,"$$","+19197814165"
"590","The Club House Restaurant",FALSE,4.5,3,"42 40 Garner","27601",35.773993,-78.63276,"$","+19196622207"
